{"cameraMode":{"drawMode":0,"name":"Shaded","section":"Shading Mode"},"sceneLighting":true,"audioPlay":false,"sceneViewState":{"showFog":true,"showMaterialUpdate":true,"showSkybox":true,"showFlares":true,"showImageEffects":true,"showParticleSystems":true},"in2DMode":false,"pivot":{"x":-0.32280898094177248,"y":-0.159987211227417,"z":0.01538848876953125},"rotation":{"x":-0.19844907522201539,"y":-0.34698840975761416,"z":0.07536012679338455,"w":-0.9135368466377258},"size":7.821855545043945,"orthographic":false}