{"cameraMode":{"drawMode":0,"name":"Shaded","section":"Shading Mode"},"sceneLighting":true,"audioPlay":false,"sceneViewState":{"showFog":true,"showMaterialUpdate":true,"showSkybox":true,"showFlares":true,"showImageEffects":true,"showParticleSystems":true},"in2DMode":false,"pivot":{"x":-8.940696716308594e-8,"y":0.22699999809265138,"z":-0.00004667043685913086},"rotation":{"x":-0.1674199104309082,"y":-0.033417340368032458,"z":0.00567825511097908,"w":-0.9853032827377319},"size":1.2158560752868653,"orthographic":false}